Model,Prompt,Response,Timestamp
chatgpt,rudra,"""Rudra"" is a term that can refer to several concepts, most notably in Hinduism. Here are a few meanings associated with it:

1. **Hindu Deity**: Rudra is often associated with the storm and the hunt. He is considered a fierce form of Shiva, one of the principal deities of Hinduism. In the Rigveda, Rudra is described as a god of the wind and the hunt, and he is invoked for protection and healing.

2. **Shiva**: In many traditions, Rudra is identified with Shiva, who embodies both the destructive and regenerative aspects of the universe. Shiva is often depicted in various forms, including the ascetic and the householder.

3. **Cultural References**: Rudra is also a popular name in various Indian cultures and can be found in literature, films, and other forms of media.

If you are looking for specific information about Rudra, such as his significance in a particular text or tradition, please provide more details!",2026-01-06 15:14:26
gemini,rudra,"Rudra (रुद्र) is a significant deity in Hinduism, particularly in the Vedic tradition, and is later largely identified with Shiva.

Here's a breakdown of his key aspects:

1.  **Vedic Origins:** In the Rigveda, Rudra is depicted as a powerful and somewhat fearsome deity associated with wind, storms, thunder, lightning, and hunting.
    *   **Etymology:** The name ""Rudra"" is often interpreted as ""the Roarer,"" ""the Howler,"" or ""the Terrible,"" referring to his tempestuous nature.
    *   **Dual Nature:** He possesses a dualistic nature – both destructive and benevolent. He can bring diseases and calamities, but also has healing powers (as ""the foremost physician"") and protects cattle.
    *   **Attributes:** He is often described as fierce, with a strong bow and fast arrows, and sometimes wears braided hair.

2.  **Identification with Shiva:** Over time, especially in the later Vedic and early Puranic periods, Rudra became increasingly identified with Shiva. The name ""Shiva"" (meaning ""auspicious"" or ""benevolent"") was initially an epithet used to placate the fearsome Rudra, suggesting his more benevolent aspects. Eventually, Rudra and Shiva became almost synonymous, with Shiva embodying the broader aspects of creation, preservation, and dissolution.

3.  **Later Developments (Puranic):**
    *   **Eleven Rudras:** In some Puranic texts, Rudra is not a single deity but a group of ""Eleven Rudras,"" who are often described as attendants or manifestations of Shiva, associated with destruction and the dissolution of the universe at the end of a cosmic cycle.
    *   **Lord of Beasts (Pashupati):** This is a prominent epithet, meaning ""Lord of animals"" or ""Lord of individual souls,"" highlighting his role as a protector and liberator.
    *   **Associated with Mount Kailash:** Like Shiva, Rudra is often linked to Mount Kailash.

4.  **Ritual and Worship:**
    *   **Sri Rudram:** A highly revered Vedic chant (part of the Yajurveda) dedicated to Rudra, praising his various forms and seeking his blessings for protection, prosperity, and peace.

In essence, Rudra represents the wild, untamed, and primal forces of nature, embodying both its destructive potential and its capacity for healing and renewal. His evolution into Shiva demonstrates a significant transition in Hindu theology, where a powerful but localized Vedic deity became integrated into the pantheon as one of the supreme gods.",2026-01-06 15:14:26
llama,rudra,"Rudra is a significant figure in Hindu mythology and is often associated with the god Shiva. Here are some interesting facts about Rudra:

1. **Meaning**: The name Rudra is derived from the Sanskrit word ""Rud"", which means ""to cry"" or ""to howl"". This refers to the fierce and intimidating sounds associated with Shiva, often depicted as a fierce and powerful deity.

2. **Hindu Trithy**:  Rudra is described in the Rigveda, an ancient Hindu text, as a fierce and powerful god with the power to destroy and create.

3. **Shiva's Name**: In some Hindu traditions, Rudra is considered a name for Shiva, reflecting his fierce and powerful nature. Shiva is often depicted as a complex deity, embodying both the destructive and creative powers of the universe.

4. **Associations**: Rudra is associated with various aspects of life and death, including destruction, chaos, and the cyclical nature of existence. He is also linked to fertility and creation, highlighting the interconnectedness of opposites in Hindu cosmology.

5. **Worship**: In Hinduism, Rudra is worshipped in various forms, often through rituals and prayers that aim to balance the opposing forces of creation and destruction. This worship is believed to bring spiritual growth, protection, and liberation to the devotee.

6. **Cultural Significance**: Rudra's symbolism has influenced various aspects of",2026-01-06 15:14:26
